Version,Metric,Value,Usecase
1-FC - M523_AU298+M609_AU328-8(Blue),Adjusted,355.1097789359101,APPLNCH03A
1-FC - M523_AU298+M609_AU328-8(Blue),CX,29.324078629730078,APPLNCH03A
1-FC - M523_AU298+M609_AU328-8(Blue),GFX,2.8840158756862664,APPLNCH03A
1-FC - M523_AU298+M609_AU328-8(Blue),Total CPU,256.0842476759821,APPLNCH03A
1-FC - M523_AU298+M609_AU328-8(Blue),Total Memory,27.601781231503235,APPLNCH03A
2-PreCS1 - M619_r2(Orange),Adjusted,414.25770174039894,APPLNCH03A
2-PreCS1 - M619_r2(Orange),CX,32.663379092010175,APPLNCH03A
2-PreCS1 - M619_r2(Orange),GFX,2.725367756219116,APPLNCH03A
2-PreCS1 - M619_r2(Orange),Total CPU,307.40068335322013,APPLNCH03A
2-PreCS1 - M619_r2(Orange),Total Memory,27.832135112292743,APPLNCH03A
3-PreCS3 - M619_AU328(Orange) + M665_AU344(Blue)  R2,Adjusted,413.42829823433283,APPLNCH03A
3-PreCS3 - M619_AU328(Orange) + M665_AU344(Blue)  R2,CX,31.446452719605762,APPLNCH03A
3-PreCS3 - M619_AU328(Orange) + M665_AU344(Blue)  R2,GFX,2.1442286062145794,APPLNCH03A
3-PreCS3 - M619_AU328(Orange) + M665_AU344(Blue)  R2,Total CPU,311.4148459410114,APPLNCH03A
3-PreCS3 - M619_AU328(Orange) + M665_AU344(Blue)  R2,Total Memory,25.656832768428742,APPLNCH03A
4-PreCS4 - M619_AU328(Orange) +  M665_AU344(Blue) + M717_AU361 R2,Adjusted,414.1,APPLNCH03A
4-PreCS4 - M619_AU328(Orange) +  M665_AU344(Blue) + M717_AU361 R2,CX,31.391726926462884,APPLNCH03A
4-PreCS4 - M619_AU328(Orange) +  M665_AU344(Blue) + M717_AU361 R2,GFX,3.9136452363984806,APPLNCH03A
4-PreCS4 - M619_AU328(Orange) +  M665_AU344(Blue) + M717_AU361 R2,Total CPU,309.35642182224103,APPLNCH03A
4-PreCS4 - M619_AU328(Orange) +  M665_AU344(Blue) + M717_AU361 R2,Total Memory,28.508176155686076,APPLNCH03A
5-CS Candidate - M767E_AU392 (Blue)_392_02-29_Purple_newAU_newGPUDriver(Green),Adjusted,402.6350369956175,APPLNCH03A
5-CS Candidate - M767E_AU392 (Blue)_392_02-29_Purple_newAU_newGPUDriver(Green),CX,29.855914994826758,APPLNCH03A
5-CS Candidate - M767E_AU392 (Blue)_392_02-29_Purple_newAU_newGPUDriver(Green),GFX,4.569944374731749,APPLNCH03A
5-CS Candidate - M767E_AU392 (Blue)_392_02-29_Purple_newAU_newGPUDriver(Green),Total CPU,304.219650384443,APPLNCH03A
5-CS Candidate - M767E_AU392 (Blue)_392_02-29_Purple_newAU_newGPUDriver(Green),Total Memory,25.786388335613648,APPLNCH03A
6-CS - M800-27(Dark Green)/M767E_AU392 (Blue)_newGPUDriver(Orange),Adjusted,335.6312498440359,APPLNCH03A
6-CS - M800-27(Dark Green)/M767E_AU392 (Blue)_newGPUDriver(Orange),CX,27.51474528121769,APPLNCH03A
6-CS - M800-27(Dark Green)/M767E_AU392 (Blue)_newGPUDriver(Orange),GFX,2.9005960501089834,APPLNCH03A
6-CS - M800-27(Dark Green)/M767E_AU392 (Blue)_newGPUDriver(Orange),Total CPU,247.7110568747127,APPLNCH03A
6-CS - M800-27(Dark Green)/M767E_AU392 (Blue)_newGPUDriver(Orange),Total Memory,23.805532648976243,APPLNCH03A
7-Post CS1 - M800-27/M800-35E(Green)/M850E (Blue),Adjusted,301.87283,APPLNCH03A
7-Post CS1 - M800-27/M800-35E(Green)/M850E (Blue),CX,26.25871,APPLNCH03A
7-Post CS1 - M800-27/M800-35E(Green)/M850E (Blue),GFX,3.25,APPLNCH03A
7-Post CS1 - M800-27/M800-35E(Green)/M850E (Blue),Total CPU,215.4115168,APPLNCH03A
7-Post CS1 - M800-27/M800-35E(Green)/M850E (Blue),Total Memory,1.687514,APPLNCH03A
1-FC - M523_AU298+M609_AU328-8(Blue),Adjusted,49.91514766801715,AU45A
1-FC - M523_AU298+M609_AU328-8(Blue),CX,7.330466130894479,AU45A
1-FC - M523_AU298+M609_AU328-8(Blue),GFX,0.0,AU45A
1-FC - M523_AU298+M609_AU328-8(Blue),Total CPU,13.10616051887307,AU45A
1-FC - M523_AU298+M609_AU328-8(Blue),Total Memory,3.149510694194542,AU45A
2-PreCS1 - M619_r2(Orange),Adjusted,46.91467117992711,AU45A
2-PreCS1 - M619_r2(Orange),CX,7.772774276706305,AU45A
2-PreCS1 - M619_r2(Orange),GFX,0.0,AU45A
2-PreCS1 - M619_r2(Orange),Total CPU,9.794685267595327,AU45A
2-PreCS1 - M619_r2(Orange),Total Memory,3.9173934216957393,AU45A
3-PreCS3 - M619_AU328(Orange) + M665_AU344(Blue)  R2,Adjusted,46.16467117992711,AU45A
3-PreCS3 - M619_AU328(Orange) + M665_AU344(Blue)  R2,CX,7.772774276706305,AU45A
3-PreCS3 - M619_AU328(Orange) + M665_AU344(Blue)  R2,GFX,0.0,AU45A
3-PreCS3 - M619_AU328(Orange) + M665_AU344(Blue)  R2,Total CPU,9.947745177689736,AU45A
3-PreCS3 - M619_AU328(Orange) + M665_AU344(Blue)  R2,Total Memory,4.151559937949726,AU45A
4-PreCS4 - M619_AU328(Orange) +  M665_AU344(Blue) + M717_AU361 R2,Adjusted,46.91,AU45A
4-PreCS4 - M619_AU328(Orange) +  M665_AU344(Blue) + M717_AU361 R2,CX,7.77,AU45A
4-PreCS4 - M619_AU328(Orange) +  M665_AU344(Blue) + M717_AU361 R2,GFX,0.0,AU45A
4-PreCS4 - M619_AU328(Orange) +  M665_AU344(Blue) + M717_AU361 R2,Total CPU,9.79,AU45A
4-PreCS4 - M619_AU328(Orange) +  M665_AU344(Blue) + M717_AU361 R2,Total Memory,3.92,AU45A
5-CS Candidate - M767E_AU392 (Blue)_392_02-29_Purple_newAU_newGPUDriver(Green),Adjusted,41.1199283519582,AU45A
5-CS Candidate - M767E_AU392 (Blue)_392_02-29_Purple_newAU_newGPUDriver(Green),CX,7.492902542779102,AU45A
5-CS Candidate - M767E_AU392 (Blue)_392_02-29_Purple_newAU_newGPUDriver(Green),GFX,0.0,AU45A
5-CS Candidate - M767E_AU392 (Blue)_392_02-29_Purple_newAU_newGPUDriver(Green),Total CPU,9.435978473651028,AU45A
5-CS Candidate - M767E_AU392 (Blue)_392_02-29_Purple_newAU_newGPUDriver(Green),Total Memory,3.307737130456056,AU45A
6-CS - M800-27(Dark Green)/M767E_AU392 (Blue)_newGPUDriver(Orange),Adjusted,39.033466784802144,AU45A
6-CS - M800-27(Dark Green)/M767E_AU392 (Blue)_newGPUDriver(Orange),CX,6.999086355479813,AU45A
6-CS - M800-27(Dark Green)/M767E_AU392 (Blue)_newGPUDriver(Orange),GFX,0.0,AU45A
6-CS - M800-27(Dark Green)/M767E_AU392 (Blue)_newGPUDriver(Orange),Total CPU,8.565093359388229,AU45A
6-CS - M800-27(Dark Green)/M767E_AU392 (Blue)_newGPUDriver(Orange),Total Memory,3.281893978213681,AU45A
7-Post CS1 - M800-27/M800-35E(Green)/M850E (Blue),Adjusted,40.537067,AU45A
7-Post CS1 - M800-27/M800-35E(Green)/M850E (Blue),CX,7.17996,AU45A
7-Post CS1 - M800-27/M800-35E(Green)/M850E (Blue),GFX,0.0,AU45A
7-Post CS1 - M800-27/M800-35E(Green)/M850E (Blue),Total CPU,9.181205881,AU45A
7-Post CS1 - M800-27/M800-35E(Green)/M850E (Blue),Total Memory,3.30148318,AU45A
1-FC - M523_AU298+M609_AU328-8(Blue),Adjusted,199.61508991215265,DOUYIN01W
1-FC - M523_AU298+M609_AU328-8(Blue),CX,22.458827767145785,DOUYIN01W
1-FC - M523_AU298+M609_AU328-8(Blue),GFX,2.010373365724622,DOUYIN01W
1-FC - M523_AU298+M609_AU328-8(Blue),Total CPU,81.22930543116252,DOUYIN01W
1-FC - M523_AU298+M609_AU328-8(Blue),Total Memory,26.599180443964247,DOUYIN01W
2-PreCS1 - M619_r2(Orange),Adjusted,177.146417023281,DOUYIN01W
2-PreCS1 - M619_r2(Orange),CX,21.997414258104573,DOUYIN01W
2-PreCS1 - M619_r2(Orange),GFX,1.1947607028598795,DOUYIN01W
2-PreCS1 - M619_r2(Orange),Total CPU,68.29859974288588,DOUYIN01W
2-PreCS1 - M619_r2(Orange),Total Memory,25.512018526967573,DOUYIN01W
3-PreCS3 - M619_AU328(Orange) + M665_AU344(Blue)  R2,Adjusted,152.28319840253084,DOUYIN01W
3-PreCS3 - M619_AU328(Orange) + M665_AU344(Blue)  R2,CX,19.960393963679284,DOUYIN01W
3-PreCS3 - M619_AU328(Orange) + M665_AU344(Blue)  R2,GFX,1.047609729352689,DOUYIN01W
3-PreCS3 - M619_AU328(Orange) + M665_AU344(Blue)  R2,Total CPU,52.948825705361045,DOUYIN01W
3-PreCS3 - M619_AU328(Orange) + M665_AU344(Blue)  R2,Total Memory,23.364852262147657,DOUYIN01W
4-PreCS4 - M619_AU328(Orange) +  M665_AU344(Blue) + M717_AU361 R2,Adjusted,152.28319840253084,DOUYIN01W
4-PreCS4 - M619_AU328(Orange) +  M665_AU344(Blue) + M717_AU361 R2,CX,19.960393963679284,DOUYIN01W
4-PreCS4 - M619_AU328(Orange) +  M665_AU344(Blue) + M717_AU361 R2,GFX,1.047609729352689,DOUYIN01W
4-PreCS4 - M619_AU328(Orange) +  M665_AU344(Blue) + M717_AU361 R2,Total CPU,52.948825705361045,DOUYIN01W
4-PreCS4 - M619_AU328(Orange) +  M665_AU344(Blue) + M717_AU361 R2,Total Memory,23.364852262147657,DOUYIN01W
5-CS Candidate - M767E_AU392 (Blue)_392_02-29_Purple_newAU_newGPUDriver(Green),Adjusted,136.53966892384068,DOUYIN01W
5-CS Candidate - M767E_AU392 (Blue)_392_02-29_Purple_newAU_newGPUDriver(Green),CX,18.99644520075063,DOUYIN01W
5-CS Candidate - M767E_AU392 (Blue)_392_02-29_Purple_newAU_newGPUDriver(Green),GFX,1.4259155190335013,DOUYIN01W
5-CS Candidate - M767E_AU392 (Blue)_392_02-29_Purple_newAU_newGPUDriver(Green),Total CPU,47.819348927533284,DOUYIN01W
5-CS Candidate - M767E_AU392 (Blue)_392_02-29_Purple_newAU_newGPUDriver(Green),Total Memory,19.497195350666594,DOUYIN01W
6-CS - M800-27(Dark Green)/M767E_AU392 (Blue)_newGPUDriver(Orange),Adjusted,141.699725466469,DOUYIN01W
6-CS - M800-27(Dark Green)/M767E_AU392 (Blue)_newGPUDriver(Orange),CX,18.92696139283345,DOUYIN01W
6-CS - M800-27(Dark Green)/M767E_AU392 (Blue)_newGPUDriver(Orange),GFX,1.4502369747710562,DOUYIN01W
6-CS - M800-27(Dark Green)/M767E_AU392 (Blue)_newGPUDriver(Orange),Total CPU,51.62409342896988,DOUYIN01W
6-CS - M800-27(Dark Green)/M767E_AU392 (Blue)_newGPUDriver(Orange),Total Memory,20.320411062343236,DOUYIN01W
7-Post CS1 - M800-27/M800-35E(Green)/M850E (Blue),Adjusted,142.38776530599387,DOUYIN01W
7-Post CS1 - M800-27/M800-35E(Green)/M850E (Blue),CX,18.007026665556438,DOUYIN01W
7-Post CS1 - M800-27/M800-35E(Green)/M850E (Blue),GFX,1.4951999517748515,DOUYIN01W
7-Post CS1 - M800-27/M800-35E(Green)/M850E (Blue),Total CPU,53.48476429470287,DOUYIN01W
7-Post CS1 - M800-27/M800-35E(Green)/M850E (Blue),Total Memory,19.076299076398787,DOUYIN01W
1-FC - M523_AU298+M609_AU328-8(Blue),Adjusted,410.91697050206324,DOUYIN02-5G
1-FC - M523_AU298+M609_AU328-8(Blue),CX,56.717735286660265,DOUYIN02-5G
1-FC - M523_AU298+M609_AU328-8(Blue),GFX,20.462611488684075,DOUYIN02-5G
1-FC - M523_AU298+M609_AU328-8(Blue),Total CPU,134.763223945055,DOUYIN02-5G
1-FC - M523_AU298+M609_AU328-8(Blue),Total Memory,88.8799960508144,DOUYIN02-5G
2-PreCS1 - M619_r2(Orange),Adjusted,405.8713499508955,DOUYIN02-5G
2-PreCS1 - M619_r2(Orange),CX,52.58995802155353,DOUYIN02-5G
2-PreCS1 - M619_r2(Orange),GFX,14.682256737819118,DOUYIN02-5G
2-PreCS1 - M619_r2(Orange),Total CPU,146.81451512912483,DOUYIN02-5G
2-PreCS1 - M619_r2(Orange),Total Memory,78.1577429247805,DOUYIN02-5G
3-PreCS3 - M619_AU328(Orange) + M665_AU344(Blue)  R2,Adjusted,405.1213499508955,DOUYIN02-5G
3-PreCS3 - M619_AU328(Orange) + M665_AU344(Blue)  R2,CX,52.58995802155353,DOUYIN02-5G
3-PreCS3 - M619_AU328(Orange) + M665_AU344(Blue)  R2,GFX,14.682256737819118,DOUYIN02-5G
3-PreCS3 - M619_AU328(Orange) + M665_AU344(Blue)  R2,Total CPU,146.81451512912483,DOUYIN02-5G
3-PreCS3 - M619_AU328(Orange) + M665_AU344(Blue)  R2,Total Memory,78.1577429247805,DOUYIN02-5G
4-PreCS4 - M619_AU328(Orange) +  M665_AU344(Blue) + M717_AU361 R2,Adjusted,347.45,DOUYIN02-5G
4-PreCS4 - M619_AU328(Orange) +  M665_AU344(Blue) + M717_AU361 R2,CX,47.22,DOUYIN02-5G
4-PreCS4 - M619_AU328(Orange) +  M665_AU344(Blue) + M717_AU361 R2,GFX,11.95,DOUYIN02-5G
4-PreCS4 - M619_AU328(Orange) +  M665_AU344(Blue) + M717_AU361 R2,Total CPU,110.7,DOUYIN02-5G
4-PreCS4 - M619_AU328(Orange) +  M665_AU344(Blue) + M717_AU361 R2,Total Memory,71.27,DOUYIN02-5G
5-CS Candidate - M767E_AU392 (Blue)_392_02-29_Purple_newAU_newGPUDriver(Green),Adjusted,314.69551081837477,DOUYIN02-5G
5-CS Candidate - M767E_AU392 (Blue)_392_02-29_Purple_newAU_newGPUDriver(Green),CX,34.07123239899063,DOUYIN02-5G
5-CS Candidate - M767E_AU392 (Blue)_392_02-29_Purple_newAU_newGPUDriver(Green),GFX,30.439157038886417,DOUYIN02-5G
5-CS Candidate - M767E_AU392 (Blue)_392_02-29_Purple_newAU_newGPUDriver(Green),Total CPU,82.80995380962186,DOUYIN02-5G
5-CS Candidate - M767E_AU392 (Blue)_392_02-29_Purple_newAU_newGPUDriver(Green),Total Memory,60.58014096120146,DOUYIN02-5G
6-CS - M800-27(Dark Green)/M767E_AU392 (Blue)_newGPUDriver(Orange),Adjusted,314.69551081837477,DOUYIN02-5G
6-CS - M800-27(Dark Green)/M767E_AU392 (Blue)_newGPUDriver(Orange),CX,34.07123239899063,DOUYIN02-5G
6-CS - M800-27(Dark Green)/M767E_AU392 (Blue)_newGPUDriver(Orange),GFX,30.439157038886417,DOUYIN02-5G
6-CS - M800-27(Dark Green)/M767E_AU392 (Blue)_newGPUDriver(Orange),Total CPU,82.80995380962186,DOUYIN02-5G
6-CS - M800-27(Dark Green)/M767E_AU392 (Blue)_newGPUDriver(Orange),Total Memory,60.58014096120146,DOUYIN02-5G
7-Post CS1 - M800-27/M800-35E(Green)/M850E (Blue),Adjusted,265.13,DOUYIN02-5G
7-Post CS1 - M800-27/M800-35E(Green)/M850E (Blue),CX,31.37111,DOUYIN02-5G
7-Post CS1 - M800-27/M800-35E(Green)/M850E (Blue),GFX,16.64,DOUYIN02-5G
7-Post CS1 - M800-27/M800-35E(Green)/M850E (Blue),Total CPU,84.44127429,DOUYIN02-5G
7-Post CS1 - M800-27/M800-35E(Green)/M850E (Blue),Total Memory,49.6103651,DOUYIN02-5G
1-FC - M523_AU298+M609_AU328-8(Blue),Adjusted,340.9250876750019,GP01W
1-FC - M523_AU298+M609_AU328-8(Blue),CX,33.83360742139518,GP01W
1-FC - M523_AU298+M609_AU328-8(Blue),GFX,23.22307870925592,GP01W
1-FC - M523_AU298+M609_AU328-8(Blue),Total CPU,116.46010689335763,GP01W
1-FC - M523_AU298+M609_AU328-8(Blue),Total Memory,47.277920606039416,GP01W
2-PreCS1 - M619_r2(Orange),Adjusted,305.472619957803,GP01W
2-PreCS1 - M619_r2(Orange),CX,36.793071163112884,GP01W
2-PreCS1 - M619_r2(Orange),GFX,21.543416173912277,GP01W
2-PreCS1 - M619_r2(Orange),Total CPU,80.50458127635514,GP01W
2-PreCS1 - M619_r2(Orange),Total Memory,49.14525524152542,GP01W
3-PreCS3 - M619_AU328(Orange) + M665_AU344(Blue)  R2,Adjusted,304.722619957803,GP01W
3-PreCS3 - M619_AU328(Orange) + M665_AU344(Blue)  R2,CX,36.793071163112884,GP01W
3-PreCS3 - M619_AU328(Orange) + M665_AU344(Blue)  R2,GFX,21.543416173912277,GP01W
3-PreCS3 - M619_AU328(Orange) + M665_AU344(Blue)  R2,Total CPU,80.50458127635514,GP01W
3-PreCS3 - M619_AU328(Orange) + M665_AU344(Blue)  R2,Total Memory,49.14525524152542,GP01W
4-PreCS4 - M619_AU328(Orange) +  M665_AU344(Blue) + M717_AU361 R2,Adjusted,304.722619957803,GP01W
4-PreCS4 - M619_AU328(Orange) +  M665_AU344(Blue) + M717_AU361 R2,CX,36.793071163112884,GP01W
4-PreCS4 - M619_AU328(Orange) +  M665_AU344(Blue) + M717_AU361 R2,GFX,21.543416173912277,GP01W
4-PreCS4 - M619_AU328(Orange) +  M665_AU344(Blue) + M717_AU361 R2,Total CPU,80.50458127635514,GP01W
4-PreCS4 - M619_AU328(Orange) +  M665_AU344(Blue) + M717_AU361 R2,Total Memory,49.14525524152542,GP01W
5-CS Candidate - M767E_AU392 (Blue)_392_02-29_Purple_newAU_newGPUDriver(Green),Adjusted,304.33795434349554,GP01W
5-CS Candidate - M767E_AU392 (Blue)_392_02-29_Purple_newAU_newGPUDriver(Green),CX,30.971715587666406,GP01W
5-CS Candidate - M767E_AU392 (Blue)_392_02-29_Purple_newAU_newGPUDriver(Green),GFX,24.1615586369152,GP01W
5-CS Candidate - M767E_AU392 (Blue)_392_02-29_Purple_newAU_newGPUDriver(Green),Total CPU,86.05981418639385,GP01W
5-CS Candidate - M767E_AU392 (Blue)_392_02-29_Purple_newAU_newGPUDriver(Green),Total Memory,45.25312618524976,GP01W
6-CS - M800-27(Dark Green)/M767E_AU392 (Blue)_newGPUDriver(Orange),Adjusted,287.6767381459829,GP01W
6-CS - M800-27(Dark Green)/M767E_AU392 (Blue)_newGPUDriver(Orange),CX,26.48476477091196,GP01W
6-CS - M800-27(Dark Green)/M767E_AU392 (Blue)_newGPUDriver(Orange),GFX,24.089054113811486,GP01W
6-CS - M800-27(Dark Green)/M767E_AU392 (Blue)_newGPUDriver(Orange),Total CPU,87.61714444207237,GP01W
6-CS - M800-27(Dark Green)/M767E_AU392 (Blue)_newGPUDriver(Orange),Total Memory,40.50660923807549,GP01W
7-Post CS1 - M800-27/M800-35E(Green)/M850E (Blue),Adjusted,296.6619225145573,GP01W
7-Post CS1 - M800-27/M800-35E(Green)/M850E (Blue),CX,27.60600160506638,GP01W
7-Post CS1 - M800-27/M800-35E(Green)/M850E (Blue),GFX,23.56054851502492,GP01W
7-Post CS1 - M800-27/M800-35E(Green)/M850E (Blue),Total CPU,91.78581228497714,GP01W
7-Post CS1 - M800-27/M800-35E(Green)/M850E (Blue),Total Memory,41.91797205507854,GP01W
1-FC - M523_AU298+M609_AU328-8(Blue),Adjusted,199.8365357339672,HOK01
1-FC - M523_AU298+M609_AU328-8(Blue),CX,17.94232767796832,HOK01
1-FC - M523_AU298+M609_AU328-8(Blue),GFX,29.251693314125294,HOK01
1-FC - M523_AU298+M609_AU328-8(Blue),Total CPU,64.07096341704518,HOK01
1-FC - M523_AU298+M609_AU328-8(Blue),Total Memory,28.4588479458578,HOK01
2-PreCS1 - M619_r2(Orange),Adjusted,182.0983707942695,HOK01
2-PreCS1 - M619_r2(Orange),CX,21.472638861401883,HOK01
2-PreCS1 - M619_r2(Orange),GFX,20.391801830807612,HOK01
2-PreCS1 - M619_r2(Orange),Total CPU,52.10637722361416,HOK01
2-PreCS1 - M619_r2(Orange),Total Memory,30.380364077217738,HOK01
3-PreCS3 - M619_AU328(Orange) + M665_AU344(Blue)  R2,Adjusted,180.35786241074,HOK01
3-PreCS3 - M619_AU328(Orange) + M665_AU344(Blue)  R2,CX,21.472638861401883,HOK01
3-PreCS3 - M619_AU328(Orange) + M665_AU344(Blue)  R2,GFX,20.391801830807612,HOK01
3-PreCS3 - M619_AU328(Orange) + M665_AU344(Blue)  R2,Total CPU,52.10637722361416,HOK01
3-PreCS3 - M619_AU328(Orange) + M665_AU344(Blue)  R2,Total Memory,30.380364077217738,HOK01
4-PreCS4 - M619_AU328(Orange) +  M665_AU344(Blue) + M717_AU361 R2,Adjusted,179.03,HOK01
4-PreCS4 - M619_AU328(Orange) +  M665_AU344(Blue) + M717_AU361 R2,CX,19.39,HOK01
4-PreCS4 - M619_AU328(Orange) +  M665_AU344(Blue) + M717_AU361 R2,GFX,19.66,HOK01
4-PreCS4 - M619_AU328(Orange) +  M665_AU344(Blue) + M717_AU361 R2,Total CPU,52.79,HOK01
4-PreCS4 - M619_AU328(Orange) +  M665_AU344(Blue) + M717_AU361 R2,Total Memory,33.06,HOK01
5-CS Candidate - M767E_AU392 (Blue)_392_02-29_Purple_newAU_newGPUDriver(Green),Adjusted,174.0582820175625,HOK01
5-CS Candidate - M767E_AU392 (Blue)_392_02-29_Purple_newAU_newGPUDriver(Green),CX,18.175441261137287,HOK01
5-CS Candidate - M767E_AU392 (Blue)_392_02-29_Purple_newAU_newGPUDriver(Green),GFX,23.10106256711263,HOK01
5-CS Candidate - M767E_AU392 (Blue)_392_02-29_Purple_newAU_newGPUDriver(Green),Total CPU,54.21801197588367,HOK01
5-CS Candidate - M767E_AU392 (Blue)_392_02-29_Purple_newAU_newGPUDriver(Green),Total Memory,27.296349139861242,HOK01
6-CS - M800-27(Dark Green)/M767E_AU392 (Blue)_newGPUDriver(Orange),Adjusted,174.22974783823398,HOK01
6-CS - M800-27(Dark Green)/M767E_AU392 (Blue)_newGPUDriver(Orange),CX,17.873336398004856,HOK01
6-CS - M800-27(Dark Green)/M767E_AU392 (Blue)_newGPUDriver(Orange),GFX,23.042577586751744,HOK01
6-CS - M800-27(Dark Green)/M767E_AU392 (Blue)_newGPUDriver(Orange),Total CPU,55.4643602265159,HOK01
6-CS - M800-27(Dark Green)/M767E_AU392 (Blue)_newGPUDriver(Orange),Total Memory,27.572980829748975,HOK01
7-Post CS1 - M800-27/M800-35E(Green)/M850E (Blue),Adjusted,173.31398127270472,HOK01
7-Post CS1 - M800-27/M800-35E(Green)/M850E (Blue),CX,17.81605004967131,HOK01
7-Post CS1 - M800-27/M800-35E(Green)/M850E (Blue),GFX,22.003549694160473,HOK01
7-Post CS1 - M800-27/M800-35E(Green)/M850E (Blue),Total CPU,55.221941563964705,HOK01
7-Post CS1 - M800-27/M800-35E(Green)/M850E (Blue),Total Memory,27.00613612378747,HOK01
1-FC - M523_AU298+M609_AU328-8(Blue),Adjusted,194.33099033797896,PMWCHT02W
1-FC - M523_AU298+M609_AU328-8(Blue),CX,24.49524655416819,PMWCHT02W
1-FC - M523_AU298+M609_AU328-8(Blue),GFX,3.1903513136469055,PMWCHT02W
1-FC - M523_AU298+M609_AU328-8(Blue),Total CPU,94.20802837573623,PMWCHT02W
1-FC - M523_AU298+M609_AU328-8(Blue),Total Memory,25.25884877192876,PMWCHT02W
2-PreCS1 - M619_r2(Orange),Adjusted,181.20715371211816,PMWCHT02W
2-PreCS1 - M619_r2(Orange),CX,24.041365458985588,PMWCHT02W
2-PreCS1 - M619_r2(Orange),GFX,2.5062862332272537,PMWCHT02W
2-PreCS1 - M619_r2(Orange),Total CPU,84.82686408783326,PMWCHT02W
2-PreCS1 - M619_r2(Orange),Total Memory,25.125716572484567,PMWCHT02W
3-PreCS3 - M619_AU328(Orange) + M665_AU344(Blue)  R2,Adjusted,169.35896735638062,PMWCHT02W
3-PreCS3 - M619_AU328(Orange) + M665_AU344(Blue)  R2,CX,22.92415232841093,PMWCHT02W
3-PreCS3 - M619_AU328(Orange) + M665_AU344(Blue)  R2,GFX,2.2095262679688017,PMWCHT02W
3-PreCS3 - M619_AU328(Orange) + M665_AU344(Blue)  R2,Total CPU,74.72982713082172,PMWCHT02W
3-PreCS3 - M619_AU328(Orange) + M665_AU344(Blue)  R2,Total Memory,22.883049016883486,PMWCHT02W
4-PreCS4 - M619_AU328(Orange) +  M665_AU344(Blue) + M717_AU361 R2,Adjusted,169.35896735638062,PMWCHT02W
4-PreCS4 - M619_AU328(Orange) +  M665_AU344(Blue) + M717_AU361 R2,CX,22.92415232841093,PMWCHT02W
4-PreCS4 - M619_AU328(Orange) +  M665_AU344(Blue) + M717_AU361 R2,GFX,2.2095262679688017,PMWCHT02W
4-PreCS4 - M619_AU328(Orange) +  M665_AU344(Blue) + M717_AU361 R2,Total CPU,74.72982713082172,PMWCHT02W
4-PreCS4 - M619_AU328(Orange) +  M665_AU344(Blue) + M717_AU361 R2,Total Memory,22.883049016883486,PMWCHT02W
5-CS Candidate - M767E_AU392 (Blue)_392_02-29_Purple_newAU_newGPUDriver(Green),Adjusted,155.39935965878624,PMWCHT02W
5-CS Candidate - M767E_AU392 (Blue)_392_02-29_Purple_newAU_newGPUDriver(Green),CX,19.283577381859875,PMWCHT02W
5-CS Candidate - M767E_AU392 (Blue)_392_02-29_Purple_newAU_newGPUDriver(Green),GFX,2.7613956958137655,PMWCHT02W
5-CS Candidate - M767E_AU392 (Blue)_392_02-29_Purple_newAU_newGPUDriver(Green),Total CPU,73.86792267283506,PMWCHT02W
5-CS Candidate - M767E_AU392 (Blue)_392_02-29_Purple_newAU_newGPUDriver(Green),Total Memory,19.685901743866438,PMWCHT02W
6-CS - M800-27(Dark Green)/M767E_AU392 (Blue)_newGPUDriver(Orange),Adjusted,156.63,PMWCHT02W
6-CS - M800-27(Dark Green)/M767E_AU392 (Blue)_newGPUDriver(Orange),CX,20.79,PMWCHT02W
6-CS - M800-27(Dark Green)/M767E_AU392 (Blue)_newGPUDriver(Orange),GFX,2.75,PMWCHT02W
6-CS - M800-27(Dark Green)/M767E_AU392 (Blue)_newGPUDriver(Orange),Total CPU,75.29,PMWCHT02W
6-CS - M800-27(Dark Green)/M767E_AU392 (Blue)_newGPUDriver(Orange),Total Memory,20.65,PMWCHT02W
7-Post CS1 - M800-27/M800-35E(Green)/M850E (Blue),Adjusted,152.36644,PMWCHT02W
7-Post CS1 - M800-27/M800-35E(Green)/M850E (Blue),CX,19.09055,PMWCHT02W
7-Post CS1 - M800-27/M800-35E(Green)/M850E (Blue),GFX,2.597,PMWCHT02W
7-Post CS1 - M800-27/M800-35E(Green)/M850E (Blue),Total CPU,74.85000837,PMWCHT02W
7-Post CS1 - M800-27/M800-35E(Green)/M850E (Blue),Total Memory,19.8391298,PMWCHT02W
1-FC - M523_AU298+M609_AU328-8(Blue),Adjusted,437.5833082869657,QQS01-5G
1-FC - M523_AU298+M609_AU328-8(Blue),CX,34.155524682245094,QQS01-5G
1-FC - M523_AU298+M609_AU328-8(Blue),GFX,11.90612524354047,QQS01-5G
1-FC - M523_AU298+M609_AU328-8(Blue),Total CPU,210.81484817627515,QQS01-5G
1-FC - M523_AU298+M609_AU328-8(Blue),Total Memory,46.96277886282655,QQS01-5G
2-PreCS1 - M619_r2(Orange),Adjusted,379.72962407343647,QQS01-5G
2-PreCS1 - M619_r2(Orange),CX,34.173822350367196,QQS01-5G
2-PreCS1 - M619_r2(Orange),GFX,16.937053462033457,QQS01-5G
2-PreCS1 - M619_r2(Orange),Total CPU,140.33234791227247,QQS01-5G
2-PreCS1 - M619_r2(Orange),Total Memory,48.75343782799688,QQS01-5G
3-PreCS3 - M619_AU328(Orange) + M665_AU344(Blue)  R2,Adjusted,378.97962407343647,QQS01-5G
3-PreCS3 - M619_AU328(Orange) + M665_AU344(Blue)  R2,CX,34.173822350367196,QQS01-5G
3-PreCS3 - M619_AU328(Orange) + M665_AU344(Blue)  R2,GFX,16.937053462033457,QQS01-5G
3-PreCS3 - M619_AU328(Orange) + M665_AU344(Blue)  R2,Total CPU,140.33234791227247,QQS01-5G
3-PreCS3 - M619_AU328(Orange) + M665_AU344(Blue)  R2,Total Memory,48.75343782799688,QQS01-5G
4-PreCS4 - M619_AU328(Orange) +  M665_AU344(Blue) + M717_AU361 R2,Adjusted,378.97962407343647,QQS01-5G
4-PreCS4 - M619_AU328(Orange) +  M665_AU344(Blue) + M717_AU361 R2,CX,34.173822350367196,QQS01-5G
4-PreCS4 - M619_AU328(Orange) +  M665_AU344(Blue) + M717_AU361 R2,GFX,16.937053462033457,QQS01-5G
4-PreCS4 - M619_AU328(Orange) +  M665_AU344(Blue) + M717_AU361 R2,Total CPU,140.33234791227247,QQS01-5G
4-PreCS4 - M619_AU328(Orange) +  M665_AU344(Blue) + M717_AU361 R2,Total Memory,48.75343782799688,QQS01-5G
5-CS Candidate - M767E_AU392 (Blue)_392_02-29_Purple_newAU_newGPUDriver(Green),Adjusted,380.30114049333287,QQS01-5G
5-CS Candidate - M767E_AU392 (Blue)_392_02-29_Purple_newAU_newGPUDriver(Green),CX,28.68528923162447,QQS01-5G
5-CS Candidate - M767E_AU392 (Blue)_392_02-29_Purple_newAU_newGPUDriver(Green),GFX,17.341782825253308,QQS01-5G
5-CS Candidate - M767E_AU392 (Blue)_392_02-29_Purple_newAU_newGPUDriver(Green),Total CPU,153.62286155143929,QQS01-5G
5-CS Candidate - M767E_AU392 (Blue)_392_02-29_Purple_newAU_newGPUDriver(Green),Total Memory,44.9340528101428,QQS01-5G
6-CS - M800-27(Dark Green)/M767E_AU392 (Blue)_newGPUDriver(Orange),Adjusted,366.0168612587432,QQS01-5G
6-CS - M800-27(Dark Green)/M767E_AU392 (Blue)_newGPUDriver(Orange),CX,40.5629038705628,QQS01-5G
6-CS - M800-27(Dark Green)/M767E_AU392 (Blue)_newGPUDriver(Orange),GFX,16.564010445675176,QQS01-5G
6-CS - M800-27(Dark Green)/M767E_AU392 (Blue)_newGPUDriver(Orange),Total CPU,119.31956348058478,QQS01-5G
6-CS - M800-27(Dark Green)/M767E_AU392 (Blue)_newGPUDriver(Orange),Total Memory,54.38517646937171,QQS01-5G
7-Post CS1 - M800-27/M800-35E(Green)/M850E (Blue),Adjusted,377.30728933234263,QQS01-5G
7-Post CS1 - M800-27/M800-35E(Green)/M850E (Blue),CX,40.4150627830697,QQS01-5G
7-Post CS1 - M800-27/M800-35E(Green)/M850E (Blue),GFX,17.57236896293134,QQS01-5G
7-Post CS1 - M800-27/M800-35E(Green)/M850E (Blue),Total CPU,129.51562933597907,QQS01-5G
7-Post CS1 - M800-27/M800-35E(Green)/M850E (Blue),Total Memory,54.60946002833932,QQS01-5G
1-FC - M523_AU298+M609_AU328-8(Blue),Adjusted,36.6364818718293,RMSG01-5G
1-FC - M523_AU298+M609_AU328-8(Blue),CX,5.472668844694633,RMSG01-5G
1-FC - M523_AU298+M609_AU328-8(Blue),GFX,0.0,RMSG01-5G
1-FC - M523_AU298+M609_AU328-8(Blue),Total CPU,3.479055248114554,RMSG01-5G
1-FC - M523_AU298+M609_AU328-8(Blue),Total Memory,4.7336663452866246,RMSG01-5G
2-PreCS1 - M619_r2(Orange),Adjusted,36.14355767482557,RMSG01-5G
2-PreCS1 - M619_r2(Orange),CX,4.875640179836979,RMSG01-5G
2-PreCS1 - M619_r2(Orange),GFX,0.0,RMSG01-5G
2-PreCS1 - M619_r2(Orange),Total CPU,4.710213575450659,RMSG01-5G
2-PreCS1 - M619_r2(Orange),Total Memory,4.847131017039274,RMSG01-5G
3-PreCS3 - M619_AU328(Orange) + M665_AU344(Blue)  R2,Adjusted,35.39355767482557,RMSG01-5G
3-PreCS3 - M619_AU328(Orange) + M665_AU344(Blue)  R2,CX,4.875640179836979,RMSG01-5G
3-PreCS3 - M619_AU328(Orange) + M665_AU344(Blue)  R2,GFX,0.0,RMSG01-5G
3-PreCS3 - M619_AU328(Orange) + M665_AU344(Blue)  R2,Total CPU,4.710213575450659,RMSG01-5G
3-PreCS3 - M619_AU328(Orange) + M665_AU344(Blue)  R2,Total Memory,4.955972184054661,RMSG01-5G
4-PreCS4 - M619_AU328(Orange) +  M665_AU344(Blue) + M717_AU361 R2,Adjusted,33.22,RMSG01-5G
4-PreCS4 - M619_AU328(Orange) +  M665_AU344(Blue) + M717_AU361 R2,CX,4.37,RMSG01-5G
4-PreCS4 - M619_AU328(Orange) +  M665_AU344(Blue) + M717_AU361 R2,GFX,0.0,RMSG01-5G
4-PreCS4 - M619_AU328(Orange) +  M665_AU344(Blue) + M717_AU361 R2,Total CPU,3.34,RMSG01-5G
4-PreCS4 - M619_AU328(Orange) +  M665_AU344(Blue) + M717_AU361 R2,Total Memory,4.45,RMSG01-5G
5-CS Candidate - M767E_AU392 (Blue)_392_02-29_Purple_newAU_newGPUDriver(Green),Adjusted,29.147831354950434,RMSG01-5G
5-CS Candidate - M767E_AU392 (Blue)_392_02-29_Purple_newAU_newGPUDriver(Green),CX,4.174337613007314,RMSG01-5G
5-CS Candidate - M767E_AU392 (Blue)_392_02-29_Purple_newAU_newGPUDriver(Green),GFX,0.0,RMSG01-5G
5-CS Candidate - M767E_AU392 (Blue)_392_02-29_Purple_newAU_newGPUDriver(Green),Total CPU,2.7458033557298895,RMSG01-5G
5-CS Candidate - M767E_AU392 (Blue)_392_02-29_Purple_newAU_newGPUDriver(Green),Total Memory,3.7802300151450408,RMSG01-5G
6-CS - M800-27(Dark Green)/M767E_AU392 (Blue)_newGPUDriver(Orange),Adjusted,29.147831354950434,RMSG01-5G
6-CS - M800-27(Dark Green)/M767E_AU392 (Blue)_newGPUDriver(Orange),CX,4.174337613007314,RMSG01-5G
6-CS - M800-27(Dark Green)/M767E_AU392 (Blue)_newGPUDriver(Orange),GFX,0.0,RMSG01-5G
6-CS - M800-27(Dark Green)/M767E_AU392 (Blue)_newGPUDriver(Orange),Total CPU,2.7458033557298895,RMSG01-5G
6-CS - M800-27(Dark Green)/M767E_AU392 (Blue)_newGPUDriver(Orange),Total Memory,3.7802300151450408,RMSG01-5G
7-Post CS1 - M800-27/M800-35E(Green)/M850E (Blue),Adjusted,27.689079755070956,RMSG01-5G
7-Post CS1 - M800-27/M800-35E(Green)/M850E (Blue),CX,3.911797595275348,RMSG01-5G
7-Post CS1 - M800-27/M800-35E(Green)/M850E (Blue),GFX,0.0,RMSG01-5G
7-Post CS1 - M800-27/M800-35E(Green)/M850E (Blue),Total CPU,2.1387362114170005,RMSG01-5G
7-Post CS1 - M800-27/M800-35E(Green)/M850E (Blue),Total Memory,3.5802386459369737,RMSG01-5G
1-FC - M523_AU298+M609_AU328-8(Blue),Adjusted,126.57906976821153,TNEWS01W
1-FC - M523_AU298+M609_AU328-8(Blue),CX,15.501848835473277,TNEWS01W
1-FC - M523_AU298+M609_AU328-8(Blue),GFX,8.186091275484541,TNEWS01W
1-FC - M523_AU298+M609_AU328-8(Blue),Total CPU,45.252022313893896,TNEWS01W
1-FC - M523_AU298+M609_AU328-8(Blue),Total Memory,17.67630149045873,TNEWS01W
2-PreCS1 - M619_r2(Orange),Adjusted,161.3708621812574,TNEWS01W
2-PreCS1 - M619_r2(Orange),CX,18.165163278311386,TNEWS01W
2-PreCS1 - M619_r2(Orange),GFX,7.311929467258453,TNEWS01W
2-PreCS1 - M619_r2(Orange),Total CPU,70.71554538820334,TNEWS01W
2-PreCS1 - M619_r2(Orange),Total Memory,22.013721023583077,TNEWS01W
3-PreCS3 - M619_AU328(Orange) + M665_AU344(Blue)  R2,Adjusted,131.06264209032804,TNEWS01W
3-PreCS3 - M619_AU328(Orange) + M665_AU344(Blue)  R2,CX,15.20978135280256,TNEWS01W
3-PreCS3 - M619_AU328(Orange) + M665_AU344(Blue)  R2,GFX,4.594305287658395,TNEWS01W
3-PreCS3 - M619_AU328(Orange) + M665_AU344(Blue)  R2,Total CPU,53.10856057408081,TNEWS01W
3-PreCS3 - M619_AU328(Orange) + M665_AU344(Blue)  R2,Total Memory,15.340173115420907,TNEWS01W
4-PreCS4 - M619_AU328(Orange) +  M665_AU344(Blue) + M717_AU361 R2,Adjusted,133.678741747856,TNEWS01W
4-PreCS4 - M619_AU328(Orange) +  M665_AU344(Blue) + M717_AU361 R2,CX,14.94638925558455,TNEWS01W
4-PreCS4 - M619_AU328(Orange) +  M665_AU344(Blue) + M717_AU361 R2,GFX,5.0558788145036155,TNEWS01W
4-PreCS4 - M619_AU328(Orange) +  M665_AU344(Blue) + M717_AU361 R2,Total CPU,54.16872313516812,TNEWS01W
4-PreCS4 - M619_AU328(Orange) +  M665_AU344(Blue) + M717_AU361 R2,Total Memory,17.134238367930713,TNEWS01W
5-CS Candidate - M767E_AU392 (Blue)_392_02-29_Purple_newAU_newGPUDriver(Green),Adjusted,131.73680417221647,TNEWS01W
5-CS Candidate - M767E_AU392 (Blue)_392_02-29_Purple_newAU_newGPUDriver(Green),CX,14.913965243226189,TNEWS01W
5-CS Candidate - M767E_AU392 (Blue)_392_02-29_Purple_newAU_newGPUDriver(Green),GFX,6.602073296020798,TNEWS01W
5-CS Candidate - M767E_AU392 (Blue)_392_02-29_Purple_newAU_newGPUDriver(Green),Total CPU,59.214021717277866,TNEWS01W
5-CS Candidate - M767E_AU392 (Blue)_392_02-29_Purple_newAU_newGPUDriver(Green),Total Memory,15.778319310911128,TNEWS01W
6-CS - M800-27(Dark Green)/M767E_AU392 (Blue)_newGPUDriver(Orange),Adjusted,131.73680417221647,TNEWS01W
6-CS - M800-27(Dark Green)/M767E_AU392 (Blue)_newGPUDriver(Orange),CX,14.913965243226189,TNEWS01W
6-CS - M800-27(Dark Green)/M767E_AU392 (Blue)_newGPUDriver(Orange),GFX,6.602073296020798,TNEWS01W
6-CS - M800-27(Dark Green)/M767E_AU392 (Blue)_newGPUDriver(Orange),Total CPU,59.214021717277866,TNEWS01W
6-CS - M800-27(Dark Green)/M767E_AU392 (Blue)_newGPUDriver(Orange),Total Memory,15.778319310911128,TNEWS01W
7-Post CS1 - M800-27/M800-35E(Green)/M850E (Blue),Adjusted,128.44308,TNEWS01W
7-Post CS1 - M800-27/M800-35E(Green)/M850E (Blue),CX,15.01258,TNEWS01W
7-Post CS1 - M800-27/M800-35E(Green)/M850E (Blue),GFX,6.286,TNEWS01W
7-Post CS1 - M800-27/M800-35E(Green)/M850E (Blue),Total CPU,56.84338367,TNEWS01W
7-Post CS1 - M800-27/M800-35E(Green)/M850E (Blue),Total Memory,1.895505,TNEWS01W
1-FC - M523_AU298+M609_AU328-8(Blue),Adjusted,287.93824032061343,VIWCHT01W
1-FC - M523_AU298+M609_AU328-8(Blue),CX,35.177761196737244,VIWCHT01W
1-FC - M523_AU298+M609_AU328-8(Blue),GFX,2.9553006121273553,VIWCHT01W
1-FC - M523_AU298+M609_AU328-8(Blue),Total CPU,73.62408572832672,VIWCHT01W
1-FC - M523_AU298+M609_AU328-8(Blue),Total Memory,36.083731785575544,VIWCHT01W
2-PreCS1 - M619_r2(Orange),Adjusted,267.2408619866775,VIWCHT01W
2-PreCS1 - M619_r2(Orange),CX,24.653552364953125,VIWCHT01W
2-PreCS1 - M619_r2(Orange),GFX,2.9750148586442777,VIWCHT01W
2-PreCS1 - M619_r2(Orange),Total CPU,67.74808377216793,VIWCHT01W
2-PreCS1 - M619_r2(Orange),Total Memory,35.71686165872697,VIWCHT01W
3-PreCS3 - M619_AU328(Orange) + M665_AU344(Blue)  R2,Adjusted,266.4908619866775,VIWCHT01W
3-PreCS3 - M619_AU328(Orange) + M665_AU344(Blue)  R2,CX,24.653552364953125,VIWCHT01W
3-PreCS3 - M619_AU328(Orange) + M665_AU344(Blue)  R2,GFX,2.9750148586442777,VIWCHT01W
3-PreCS3 - M619_AU328(Orange) + M665_AU344(Blue)  R2,Total CPU,67.74808377216793,VIWCHT01W
3-PreCS3 - M619_AU328(Orange) + M665_AU344(Blue)  R2,Total Memory,35.71686165872697,VIWCHT01W
4-PreCS4 - M619_AU328(Orange) +  M665_AU344(Blue) + M717_AU361 R2,Adjusted,266.4908619866775,VIWCHT01W
4-PreCS4 - M619_AU328(Orange) +  M665_AU344(Blue) + M717_AU361 R2,CX,24.653552364953125,VIWCHT01W
4-PreCS4 - M619_AU328(Orange) +  M665_AU344(Blue) + M717_AU361 R2,GFX,2.9750148586442777,VIWCHT01W
4-PreCS4 - M619_AU328(Orange) +  M665_AU344(Blue) + M717_AU361 R2,Total CPU,67.74808377216793,VIWCHT01W
4-PreCS4 - M619_AU328(Orange) +  M665_AU344(Blue) + M717_AU361 R2,Total Memory,35.71686165872697,VIWCHT01W
5-CS Candidate - M767E_AU392 (Blue)_392_02-29_Purple_newAU_newGPUDriver(Green),Adjusted,243.54768606547935,VIWCHT01W
5-CS Candidate - M767E_AU392 (Blue)_392_02-29_Purple_newAU_newGPUDriver(Green),CX,24.441181243350204,VIWCHT01W
5-CS Candidate - M767E_AU392 (Blue)_392_02-29_Purple_newAU_newGPUDriver(Green),GFX,3.0744120092893876,VIWCHT01W
5-CS Candidate - M767E_AU392 (Blue)_392_02-29_Purple_newAU_newGPUDriver(Green),Total CPU,60.68850094411622,VIWCHT01W
5-CS Candidate - M767E_AU392 (Blue)_392_02-29_Purple_newAU_newGPUDriver(Green),Total Memory,30.498484886908823,VIWCHT01W
6-CS - M800-27(Dark Green)/M767E_AU392 (Blue)_newGPUDriver(Orange),Adjusted,245.15647482523798,VIWCHT01W
6-CS - M800-27(Dark Green)/M767E_AU392 (Blue)_newGPUDriver(Orange),CX,23.02595155278738,VIWCHT01W
6-CS - M800-27(Dark Green)/M767E_AU392 (Blue)_newGPUDriver(Orange),GFX,3.946738294481545,VIWCHT01W
6-CS - M800-27(Dark Green)/M767E_AU392 (Blue)_newGPUDriver(Orange),Total CPU,64.10460480410902,VIWCHT01W
6-CS - M800-27(Dark Green)/M767E_AU392 (Blue)_newGPUDriver(Orange),Total Memory,30.551641042650495,VIWCHT01W
7-Post CS1 - M800-27/M800-35E(Green)/M850E (Blue),Adjusted,242.4,VIWCHT01W
7-Post CS1 - M800-27/M800-35E(Green)/M850E (Blue),CX,24.44088,VIWCHT01W
7-Post CS1 - M800-27/M800-35E(Green)/M850E (Blue),GFX,3.26,VIWCHT01W
7-Post CS1 - M800-27/M800-35E(Green)/M850E (Blue),Total CPU,64.62185772,VIWCHT01W
7-Post CS1 - M800-27/M800-35E(Green)/M850E (Blue),Total Memory,31.1628999,VIWCHT01W
1-FC - M523_AU298+M609_AU328-8(Blue),Adjusted,156.7089943475506,VOWCHT01-5G
1-FC - M523_AU298+M609_AU328-8(Blue),CX,16.19926665314982,VOWCHT01-5G
1-FC - M523_AU298+M609_AU328-8(Blue),GFX,0.0,VOWCHT01-5G
1-FC - M523_AU298+M609_AU328-8(Blue),Total CPU,36.910770387692544,VOWCHT01-5G
1-FC - M523_AU298+M609_AU328-8(Blue),Total Memory,7.406016711876655,VOWCHT01-5G
2-PreCS1 - M619_r2(Orange),Adjusted,146.64697615781748,VOWCHT01-5G
2-PreCS1 - M619_r2(Orange),CX,17.08527754181644,VOWCHT01-5G
2-PreCS1 - M619_r2(Orange),GFX,0.0,VOWCHT01-5G
2-PreCS1 - M619_r2(Orange),Total CPU,22.063410176671308,VOWCHT01-5G
2-PreCS1 - M619_r2(Orange),Total Memory,7.55188988831362,VOWCHT01-5G
3-PreCS3 - M619_AU328(Orange) + M665_AU344(Blue)  R2,Adjusted,145.89697615781748,VOWCHT01-5G
3-PreCS3 - M619_AU328(Orange) + M665_AU344(Blue)  R2,CX,17.08527754181644,VOWCHT01-5G
3-PreCS3 - M619_AU328(Orange) + M665_AU344(Blue)  R2,GFX,0.0,VOWCHT01-5G
3-PreCS3 - M619_AU328(Orange) + M665_AU344(Blue)  R2,Total CPU,22.063410176671308,VOWCHT01-5G
3-PreCS3 - M619_AU328(Orange) + M665_AU344(Blue)  R2,Total Memory,7.55188988831362,VOWCHT01-5G
4-PreCS4 - M619_AU328(Orange) +  M665_AU344(Blue) + M717_AU361 R2,Adjusted,145.44,VOWCHT01-5G
4-PreCS4 - M619_AU328(Orange) +  M665_AU344(Blue) + M717_AU361 R2,CX,15.05,VOWCHT01-5G
4-PreCS4 - M619_AU328(Orange) +  M665_AU344(Blue) + M717_AU361 R2,GFX,0.0,VOWCHT01-5G
4-PreCS4 - M619_AU328(Orange) +  M665_AU344(Blue) + M717_AU361 R2,Total CPU,19.03,VOWCHT01-5G
4-PreCS4 - M619_AU328(Orange) +  M665_AU344(Blue) + M717_AU361 R2,Total Memory,9.69,VOWCHT01-5G
5-CS Candidate - M767E_AU392 (Blue)_392_02-29_Purple_newAU_newGPUDriver(Green),Adjusted,135.70320702959734,VOWCHT01-5G
5-CS Candidate - M767E_AU392 (Blue)_392_02-29_Purple_newAU_newGPUDriver(Green),CX,13.140255796830658,VOWCHT01-5G
5-CS Candidate - M767E_AU392 (Blue)_392_02-29_Purple_newAU_newGPUDriver(Green),GFX,0.0,VOWCHT01-5G
5-CS Candidate - M767E_AU392 (Blue)_392_02-29_Purple_newAU_newGPUDriver(Green),Total CPU,18.549475711516525,VOWCHT01-5G
5-CS Candidate - M767E_AU392 (Blue)_392_02-29_Purple_newAU_newGPUDriver(Green),Total Memory,5.790999429338364,VOWCHT01-5G
6-CS - M800-27(Dark Green)/M767E_AU392 (Blue)_newGPUDriver(Orange),Adjusted,134.87283518906565,VOWCHT01-5G
6-CS - M800-27(Dark Green)/M767E_AU392 (Blue)_newGPUDriver(Orange),CX,13.28443216629275,VOWCHT01-5G
6-CS - M800-27(Dark Green)/M767E_AU392 (Blue)_newGPUDriver(Orange),GFX,0.0,VOWCHT01-5G
6-CS - M800-27(Dark Green)/M767E_AU392 (Blue)_newGPUDriver(Orange),Total CPU,18.072966817627606,VOWCHT01-5G
6-CS - M800-27(Dark Green)/M767E_AU392 (Blue)_newGPUDriver(Orange),Total Memory,6.271283925436673,VOWCHT01-5G
7-Post CS1 - M800-27/M800-35E(Green)/M850E (Blue),Adjusted,136.03432,VOWCHT01-5G
7-Post CS1 - M800-27/M800-35E(Green)/M850E (Blue),CX,13.50706,VOWCHT01-5G
7-Post CS1 - M800-27/M800-35E(Green)/M850E (Blue),GFX,0.0,VOWCHT01-5G
7-Post CS1 - M800-27/M800-35E(Green)/M850E (Blue),Total CPU,18.81825374,VOWCHT01-5G
7-Post CS1 - M800-27/M800-35E(Green)/M850E (Blue),Total Memory,5.73915418,VOWCHT01-5G
1-FC - M523_AU298+M609_AU328-8(Blue),Adjusted,179.8306685818964,VS12W
1-FC - M523_AU298+M609_AU328-8(Blue),CX,20.32646594026349,VS12W
1-FC - M523_AU298+M609_AU328-8(Blue),GFX,3.324597091918133,VS12W
1-FC - M523_AU298+M609_AU328-8(Blue),Total CPU,55.31270821197043,VS12W
1-FC - M523_AU298+M609_AU328-8(Blue),Total Memory,25.17877290945929,VS12W
2-PreCS1 - M619_r2(Orange),Adjusted,151.98455598521147,VS12W
2-PreCS1 - M619_r2(Orange),CX,17.07694693024046,VS12W
2-PreCS1 - M619_r2(Orange),GFX,2.4689894986962733,VS12W
2-PreCS1 - M619_r2(Orange),Total CPU,41.580456317213965,VS12W
2-PreCS1 - M619_r2(Orange),Total Memory,22.018811944226393,VS12W
3-PreCS3 - M619_AU328(Orange) + M665_AU344(Blue)  R2,Adjusted,151.23455598521147,VS12W
3-PreCS3 - M619_AU328(Orange) + M665_AU344(Blue)  R2,CX,17.07694693024046,VS12W
3-PreCS3 - M619_AU328(Orange) + M665_AU344(Blue)  R2,GFX,2.4689894986962733,VS12W
3-PreCS3 - M619_AU328(Orange) + M665_AU344(Blue)  R2,Total CPU,41.580456317213965,VS12W
3-PreCS3 - M619_AU328(Orange) + M665_AU344(Blue)  R2,Total Memory,22.018811944226393,VS12W
4-PreCS4 - M619_AU328(Orange) +  M665_AU344(Blue) + M717_AU361 R2,Adjusted,140.34,VS12W
4-PreCS4 - M619_AU328(Orange) +  M665_AU344(Blue) + M717_AU361 R2,CX,16.55,VS12W
4-PreCS4 - M619_AU328(Orange) +  M665_AU344(Blue) + M717_AU361 R2,GFX,2.82,VS12W
4-PreCS4 - M619_AU328(Orange) +  M665_AU344(Blue) + M717_AU361 R2,Total CPU,39.12,VS12W
4-PreCS4 - M619_AU328(Orange) +  M665_AU344(Blue) + M717_AU361 R2,Total Memory,24.9,VS12W
5-CS Candidate - M767E_AU392 (Blue)_392_02-29_Purple_newAU_newGPUDriver(Green),Adjusted,139.84276361918998,VS12W
5-CS Candidate - M767E_AU392 (Blue)_392_02-29_Purple_newAU_newGPUDriver(Green),CX,15.845990353167785,VS12W
5-CS Candidate - M767E_AU392 (Blue)_392_02-29_Purple_newAU_newGPUDriver(Green),GFX,3.0029525613207273,VS12W
5-CS Candidate - M767E_AU392 (Blue)_392_02-29_Purple_newAU_newGPUDriver(Green),Total CPU,39.64302048274088,VS12W
5-CS Candidate - M767E_AU392 (Blue)_392_02-29_Purple_newAU_newGPUDriver(Green),Total Memory,18.593048327665812,VS12W
6-CS - M800-27(Dark Green)/M767E_AU392 (Blue)_newGPUDriver(Orange),Adjusted,138.48032457251568,VS12W
6-CS - M800-27(Dark Green)/M767E_AU392 (Blue)_newGPUDriver(Orange),CX,15.445386637747285,VS12W
6-CS - M800-27(Dark Green)/M767E_AU392 (Blue)_newGPUDriver(Orange),GFX,2.831922060263559,VS12W
6-CS - M800-27(Dark Green)/M767E_AU392 (Blue)_newGPUDriver(Orange),Total CPU,37.03815827284457,VS12W
6-CS - M800-27(Dark Green)/M767E_AU392 (Blue)_newGPUDriver(Orange),Total Memory,18.133545478805743,VS12W
7-Post CS1 - M800-27/M800-35E(Green)/M850E (Blue),Adjusted,132.5759,VS12W
7-Post CS1 - M800-27/M800-35E(Green)/M850E (Blue),CX,15.44884,VS12W
7-Post CS1 - M800-27/M800-35E(Green)/M850E (Blue),GFX,2.814,VS12W
7-Post CS1 - M800-27/M800-35E(Green)/M850E (Blue),Total CPU,36.46850758,VS12W
7-Post CS1 - M800-27/M800-35E(Green)/M850E (Blue),Total Memory,17.6434339,VS12W
1-FC - M523_AU298+M609_AU328-8(Blue),Adjusted,268.5830344076279,WB01-5G
1-FC - M523_AU298+M609_AU328-8(Blue),CX,34.4799474189524,WB01-5G
1-FC - M523_AU298+M609_AU328-8(Blue),GFX,9.623642521941276,WB01-5G
1-FC - M523_AU298+M609_AU328-8(Blue),Total CPU,101.0996552654693,WB01-5G
1-FC - M523_AU298+M609_AU328-8(Blue),Total Memory,38.4480332201044,WB01-5G
2-PreCS1 - M619_r2(Orange),Adjusted,234.52013319756543,WB01-5G
2-PreCS1 - M619_r2(Orange),CX,32.97337810556907,WB01-5G
2-PreCS1 - M619_r2(Orange),GFX,6.27464149391114,WB01-5G
2-PreCS1 - M619_r2(Orange),Total CPU,85.23538846964911,WB01-5G
2-PreCS1 - M619_r2(Orange),Total Memory,35.53053766798359,WB01-5G
3-PreCS3 - M619_AU328(Orange) + M665_AU344(Blue)  R2,Adjusted,225.051934048968,WB01-5G
3-PreCS3 - M619_AU328(Orange) + M665_AU344(Blue)  R2,CX,33.41909383796222,WB01-5G
3-PreCS3 - M619_AU328(Orange) + M665_AU344(Blue)  R2,GFX,5.534805017498148,WB01-5G
3-PreCS3 - M619_AU328(Orange) + M665_AU344(Blue)  R2,Total CPU,81.26991167250424,WB01-5G
3-PreCS3 - M619_AU328(Orange) + M665_AU344(Blue)  R2,Total Memory,33.14771903641057,WB01-5G
4-PreCS4 - M619_AU328(Orange) +  M665_AU344(Blue) + M717_AU361 R2,Adjusted,223.51,WB01-5G
4-PreCS4 - M619_AU328(Orange) +  M665_AU344(Blue) + M717_AU361 R2,CX,29.53,WB01-5G
4-PreCS4 - M619_AU328(Orange) +  M665_AU344(Blue) + M717_AU361 R2,GFX,6.11,WB01-5G
4-PreCS4 - M619_AU328(Orange) +  M665_AU344(Blue) + M717_AU361 R2,Total CPU,80.68,WB01-5G
4-PreCS4 - M619_AU328(Orange) +  M665_AU344(Blue) + M717_AU361 R2,Total Memory,36.02,WB01-5G
5-CS Candidate - M767E_AU392 (Blue)_392_02-29_Purple_newAU_newGPUDriver(Green),Adjusted,199.1262961902529,WB01-5G
5-CS Candidate - M767E_AU392 (Blue)_392_02-29_Purple_newAU_newGPUDriver(Green),CX,26.98385857975875,WB01-5G
5-CS Candidate - M767E_AU392 (Blue)_392_02-29_Purple_newAU_newGPUDriver(Green),GFX,7.094806538033591,WB01-5G
5-CS Candidate - M767E_AU392 (Blue)_392_02-29_Purple_newAU_newGPUDriver(Green),Total CPU,71.0858160637309,WB01-5G
5-CS Candidate - M767E_AU392 (Blue)_392_02-29_Purple_newAU_newGPUDriver(Green),Total Memory,27.580208709368243,WB01-5G
6-CS - M800-27(Dark Green)/M767E_AU392 (Blue)_newGPUDriver(Orange),Adjusted,202.06257721214115,WB01-5G
6-CS - M800-27(Dark Green)/M767E_AU392 (Blue)_newGPUDriver(Orange),CX,26.06207517308608,WB01-5G
6-CS - M800-27(Dark Green)/M767E_AU392 (Blue)_newGPUDriver(Orange),GFX,7.2106939048615635,WB01-5G
6-CS - M800-27(Dark Green)/M767E_AU392 (Blue)_newGPUDriver(Orange),Total CPU,74.40528533680495,WB01-5G
6-CS - M800-27(Dark Green)/M767E_AU392 (Blue)_newGPUDriver(Orange),Total Memory,27.79865875264037,WB01-5G
7-Post CS1 - M800-27/M800-35E(Green)/M850E (Blue),Adjusted,194.57039,WB01-5G
7-Post CS1 - M800-27/M800-35E(Green)/M850E (Blue),CX,25.25802,WB01-5G
7-Post CS1 - M800-27/M800-35E(Green)/M850E (Blue),GFX,6.798,WB01-5G
7-Post CS1 - M800-27/M800-35E(Green)/M850E (Blue),Total CPU,71.69701058,WB01-5G
7-Post CS1 - M800-27/M800-35E(Green)/M850E (Blue),Total Memory,27.6042975,WB01-5G
1-FC - M523_AU298+M609_AU328-8(Blue),Adjusted,153.35929398908934,WCHT02W
1-FC - M523_AU298+M609_AU328-8(Blue),CX,21.002472380016513,WCHT02W
1-FC - M523_AU298+M609_AU328-8(Blue),GFX,8.438606531702103,WCHT02W
1-FC - M523_AU298+M609_AU328-8(Blue),Total CPU,59.754780449095946,WCHT02W
1-FC - M523_AU298+M609_AU328-8(Blue),Total Memory,20.14672242867604,WCHT02W
2-PreCS1 - M619_r2(Orange),Adjusted,132.73620003174972,WCHT02W
2-PreCS1 - M619_r2(Orange),CX,17.333304343456554,WCHT02W
2-PreCS1 - M619_r2(Orange),GFX,4.864634513596601,WCHT02W
2-PreCS1 - M619_r2(Orange),Total CPU,54.260798567578696,WCHT02W
2-PreCS1 - M619_r2(Orange),Total Memory,18.212683093286557,WCHT02W
3-PreCS3 - M619_AU328(Orange) + M665_AU344(Blue)  R2,Adjusted,116.61459961493324,WCHT02W
3-PreCS3 - M619_AU328(Orange) + M665_AU344(Blue)  R2,CX,16.909518441024005,WCHT02W
3-PreCS3 - M619_AU328(Orange) + M665_AU344(Blue)  R2,GFX,4.52280205092638,WCHT02W
3-PreCS3 - M619_AU328(Orange) + M665_AU344(Blue)  R2,Total CPU,41.552399482764514,WCHT02W
3-PreCS3 - M619_AU328(Orange) + M665_AU344(Blue)  R2,Total Memory,17.93822268404937,WCHT02W
4-PreCS4 - M619_AU328(Orange) +  M665_AU344(Blue) + M717_AU361 R2,Adjusted,116.61459961493324,WCHT02W
4-PreCS4 - M619_AU328(Orange) +  M665_AU344(Blue) + M717_AU361 R2,CX,16.909518441024005,WCHT02W
4-PreCS4 - M619_AU328(Orange) +  M665_AU344(Blue) + M717_AU361 R2,GFX,4.52280205092638,WCHT02W
4-PreCS4 - M619_AU328(Orange) +  M665_AU344(Blue) + M717_AU361 R2,Total CPU,41.552399482764514,WCHT02W
4-PreCS4 - M619_AU328(Orange) +  M665_AU344(Blue) + M717_AU361 R2,Total Memory,17.93822268404937,WCHT02W
5-CS Candidate - M767E_AU392 (Blue)_392_02-29_Purple_newAU_newGPUDriver(Green),Adjusted,113.1809170756095,WCHT02W
5-CS Candidate - M767E_AU392 (Blue)_392_02-29_Purple_newAU_newGPUDriver(Green),CX,16.66856648783187,WCHT02W
5-CS Candidate - M767E_AU392 (Blue)_392_02-29_Purple_newAU_newGPUDriver(Green),GFX,5.847092412457775,WCHT02W
5-CS Candidate - M767E_AU392 (Blue)_392_02-29_Purple_newAU_newGPUDriver(Green),Total CPU,42.99117662448439,WCHT02W
5-CS Candidate - M767E_AU392 (Blue)_392_02-29_Purple_newAU_newGPUDriver(Green),Total Memory,16.538868912016028,WCHT02W
6-CS - M800-27(Dark Green)/M767E_AU392 (Blue)_newGPUDriver(Orange),Adjusted,112.40346952180664,WCHT02W
6-CS - M800-27(Dark Green)/M767E_AU392 (Blue)_newGPUDriver(Orange),CX,15.956335068355697,WCHT02W
6-CS - M800-27(Dark Green)/M767E_AU392 (Blue)_newGPUDriver(Orange),GFX,5.6020457841494755,WCHT02W
6-CS - M800-27(Dark Green)/M767E_AU392 (Blue)_newGPUDriver(Orange),Total CPU,40.77764817259787,WCHT02W
6-CS - M800-27(Dark Green)/M767E_AU392 (Blue)_newGPUDriver(Orange),Total Memory,15.730024445176825,WCHT02W
7-Post CS1 - M800-27/M800-35E(Green)/M850E (Blue),Adjusted,107.60741,WCHT02W
7-Post CS1 - M800-27/M800-35E(Green)/M850E (Blue),CX,15.46346,WCHT02W
7-Post CS1 - M800-27/M800-35E(Green)/M850E (Blue),GFX,5.476,WCHT02W
7-Post CS1 - M800-27/M800-35E(Green)/M850E (Blue),Total CPU,39.10974615,WCHT02W
7-Post CS1 - M800-27/M800-35E(Green)/M850E (Blue),Total Memory,15.468744,WCHT02W
